Model,Inference Time (s),CPU Usage (%),RAM Usage (MB),Total Parameters,Overall Accuracy,Macro Avg Precision,Macro Avg Recall,Macro Avg F1-Score,Mean AUC-ROC
AlexNet,0.09688249588012696,2.0,2320.63671875,46763396,0.7284263959390863,0.7947401654390185,0.7136016451233842,0.6827347879984202,0.8825808027209174
