Class,Precision,Recall,F1-Score,Sensitivity,Specificity,AUC-ROC,Support
glioma_tumor,1.0,0.21,0.34710743801652894,0.21,1.0,0.6473469387755102,100
meningioma_tumor,0.6460674157303371,1.0,0.7849829351535836,1.0,0.7741935483870968,0.9544023687081191,115
no_tumor,0.7894736842105263,1.0,0.8823529411764706,1.0,0.903114186851211,0.984099522161806,105
pituitary_tumor,0.9193548387096774,0.7702702702702703,0.8382352941176471,0.7702702702702703,0.984375,0.9692989864864865,74
Macro Average,0.8387239846626352,0.7450675675675675,0.7131696521160577,0.7450675675675675,0.915420683809577,0.8887869540329805,394
Micro Average,0.7563451776649747,0.7563451776649747,0.7563451776649747,0.7563451776649747,,,394
