Model,Inference Time (s),CPU Usage (%),RAM Usage (MB),Total Parameters,Overall Accuracy,Macro Avg Precision,Macro Avg Recall,Macro Avg F1-Score,Mean AUC-ROC
AlexNet,0.04889849662780762,11.1,3676.34765625,46763396,0.7563451776649747,0.8387239846626352,0.7450675675675675,0.7131696521160577,0.8887869540329805
