Class,Precision,Recall,F1-Score,Sensitivity,Specificity,AUC-ROC,Support
glioma_tumor,1.0,0.09,0.16513761467889906,0.09,1.0,0.596938775510204,100
meningioma_tumor,0.5612244897959183,0.9565217391304348,0.7073954983922828,0.9565217391304348,0.6917562724014337,0.9320554776375253,115
no_tumor,0.7130434782608696,0.780952380952381,0.7454545454545454,0.780952380952381,0.8858131487889274,0.9258197396605701,105
pituitary_tumor,0.6891891891891891,0.6891891891891891,0.6891891891891891,0.6891891891891891,0.928125,0.9317567567567567,74
Macro Average,0.7408642893114942,0.6291658273180012,0.576794211928729,0.6291658273180012,0.8764236052975903,0.846642687391264,394
Micro Average,0.6395939086294417,0.6395939086294417,0.6395939086294417,0.6395939086294417,,,394
