Model,Inference Time (s),CPU Usage (%),RAM Usage (MB),Total Parameters,Overall Accuracy,Macro Avg Precision,Macro Avg Recall,Macro Avg F1-Score,Mean AUC-ROC
TumorDetNet,0.10104308128356934,2.5,4715.265625,5214788,0.6192893401015228,0.7208982135900718,0.5992147893234849,0.5666495726495726,0.8272501552795617
