Class,Precision,Recall,F1-Score,Sensitivity,Specificity,AUC-ROC,Support
glioma_tumor,1.0,0.17,0.2905982905982906,0.17,1.0,0.5780952380952381,100
meningioma_tumor,0.6291390728476821,0.8260869565217391,0.7142857142857143,0.8260869565217391,0.7992831541218638,0.9000467508181393,115
no_tumor,0.5485714285714286,0.9142857142857143,0.6857142857142857,0.9142857142857143,0.726643598615917,0.9185697808535178,105
pituitary_tumor,0.7058823529411765,0.4864864864864865,0.5760000000000001,0.4864864864864865,0.953125,0.9122888513513514,74
Macro Average,0.7208982135900718,0.5992147893234849,0.5666495726495726,0.5992147893234849,0.8697629381844452,0.8272501552795617,394
Micro Average,0.6192893401015228,0.6192893401015228,0.6192893401015228,0.6192893401015228,,,394
